{
  "n_samples": 7755,
  "n_pca_components": 32,
  "k_values": [
    3,
    4
  ],
  "split": "train",
  "seed": 42,
  "results": {
    "transformer": {
      "3": {
        "silhouette": 0.3390365042237644,
        "db_index": 1.2542731716880906,
        "gmm_bic": 101995.30657172012
      },
      "4": {
        "silhouette": 0.23133559137500112,
        "db_index": 1.5902067716437316,
        "gmm_bic": 94318.79559526971
      }
    },
    "raw_state": {
      "3": {
        "silhouette": 0.29153937987782963,
        "db_index": 1.375328321625003,
        "gmm_bic": -101895.30320656541
      },
      "4": {
        "silhouette": 0.26618005162499797,
        "db_index": 1.4341867006069424,
        "gmm_bic": -112245.38518082537
      }
    }
  }
}