{
  "loss": [
    0.28999063372612,
    0.09251434355974197,
    0.06945858150720596,
    0.05789075046777725,
    0.05156693607568741,
    0.046676088124513626,
    0.04287099093198776,
    0.040228087455034256,
    0.03912677243351936,
    0.037849538028240204,
    0.03624607250094414,
    0.033941689878702164,
    0.03344155102968216,
    0.03182114288210869,
    0.031160280108451843,
    0.03047654591500759,
    0.030748436227440834,
    0.029741430655121803,
    0.029220694676041603,
    0.02819923684000969,
    0.028155602514743805,
    0.0283221248537302,
    0.026671888306736946,
    0.02675534226000309,
    0.02715769223868847,
    0.023743757978081703,
    0.02291875146329403,
    0.02269141562283039,
    0.022501502186059952,
    0.022414615377783775,
    0.022075936198234558,
    0.021852904930710793,
    0.022202985361218452,
    0.020438585430383682,
    0.02021532505750656,
    0.020208539441227913,
    0.02000194415450096,
    0.01986144483089447,
    0.019737614318728447,
    0.01954955980181694,
    0.01959056407213211,
    0.019489983096718788,
    0.01883333921432495,
    0.018581978976726532,
    0.018373731523752213,
    0.018381519243121147,
    0.01841445453464985,
    0.018138151615858078,
    0.017728256061673164,
    0.017638053745031357,
    0.017784709110856056,
    0.01761053502559662,
    0.01766238920390606,
    0.017453886568546295,
    0.017351090908050537,
    0.01722637563943863,
    0.017121614888310432,
    0.017155401408672333,
    0.016923172399401665,
    0.01710963062942028,
    0.01699378527700901,
    0.017023548483848572,
    0.01693107560276985,
    0.016869502142071724,
    0.01680929586291313,
    0.016825564205646515,
    0.016622839495539665,
    0.01676909439265728,
    0.016798576340079308,
    0.016738826408982277
  ],
  "mae": [
    0.36993634700775146,
    0.2200232297182083,
    0.18362009525299072,
    0.16483837366104126,
    0.15364190936088562,
    0.14356477558612823,
    0.13650569319725037,
    0.13103534281253815,
    0.12865908443927765,
    0.12575234472751617,
    0.12328315526247025,
    0.11782006919384003,
    0.11659581959247589,
    0.11363368481397629,
    0.11179561167955399,
    0.10981927812099457,
    0.10986124724149704,
    0.10774479806423187,
    0.1058926060795784,
    0.1040758416056633,
    0.1034410372376442,
    0.1038675382733345,
    0.09962160140275955,
    0.09930557757616043,
    0.09999600052833557,
    0.09190026670694351,
    0.08959413319826126,
    0.08870600908994675,
    0.08817446976900101,
    0.08819139748811722,
    0.08739489316940308,
    0.08706769347190857,
    0.08818884938955307,
    0.08294477313756943,
    0.08214130997657776,
    0.08198942989110947,
    0.08188516646623611,
    0.08139004558324814,
    0.08067891001701355,
    0.08052602410316467,
    0.08039536327123642,
    0.08001493662595749,
    0.07816638797521591,
    0.077595554292202,
    0.0771959200501442,
    0.07699670642614365,
    0.07705855369567871,
    0.07679684460163116,
    0.07547207921743393,
    0.07530508935451508,
    0.0751977264881134,
    0.07486161589622498,
    0.0749639943242073,
    0.07465018332004547,
    0.0743536651134491,
    0.07402331382036209,
    0.07351043075323105,
    0.07376175373792648,
    0.0732836127281189,
    0.07354022562503815,
    0.07308344542980194,
    0.0734478011727333,
    0.07292318344116211,
    0.07300455123186111,
    0.07294552773237228,
    0.07282061874866486,
    0.07245500385761261,
    0.07267774641513824,
    0.07263326644897461,
    0.0727577731013298
  ],
  "mse": [
    0.28999063372612,
    0.09251434355974197,
    0.06945858150720596,
    0.05789075046777725,
    0.05156693607568741,
    0.046676088124513626,
    0.04287099093198776,
    0.040228087455034256,
    0.03912677243351936,
    0.037849538028240204,
    0.03624607250094414,
    0.033941689878702164,
    0.03344155102968216,
    0.03182114288210869,
    0.031160280108451843,
    0.03047654591500759,
    0.030748436227440834,
    0.029741430655121803,
    0.029220694676041603,
    0.02819923684000969,
    0.028155602514743805,
    0.0283221248537302,
    0.026671888306736946,
    0.02675534226000309,
    0.02715769223868847,
    0.023743757978081703,
    0.02291875146329403,
    0.02269141562283039,
    0.022501502186059952,
    0.022414615377783775,
    0.022075936198234558,
    0.021852904930710793,
    0.022202985361218452,
    0.020438585430383682,
    0.02021532505750656,
    0.020208539441227913,
    0.02000194415450096,
    0.01986144483089447,
    0.019737614318728447,
    0.01954955980181694,
    0.01959056407213211,
    0.019489983096718788,
    0.01883333921432495,
    0.018581978976726532,
    0.018373731523752213,
    0.018381519243121147,
    0.01841445453464985,
    0.018138151615858078,
    0.017728256061673164,
    0.017638053745031357,
    0.017784709110856056,
    0.01761053502559662,
    0.01766238920390606,
    0.017453886568546295,
    0.017351090908050537,
    0.01722637563943863,
    0.017121614888310432,
    0.017155401408672333,
    0.016923172399401665,
    0.01710963062942028,
    0.01699378527700901,
    0.017023548483848572,
    0.01693107560276985,
    0.016869502142071724,
    0.01680929586291313,
    0.016825564205646515,
    0.016622839495539665,
    0.01676909439265728,
    0.016798576340079308,
    0.016738826408982277
  ],
  "val_loss": [
    0.07094095647335052,
    0.07143647968769073,
    0.06072314456105232,
    0.06504768878221512,
    0.05476804077625275,
    0.05564654618501663,
    0.05758792906999588,
    0.051616158336400986,
    0.051090773195028305,
    0.055361468344926834,
    0.05148271471261978,
    0.05027210712432861,
    0.0493658222258091,
    0.04696883261203766,
    0.04668443650007248,
    0.04753424599766731,
    0.04799504578113556,
    0.04695206508040428,
    0.04710822179913521,
    0.04452957957983017,
    0.04826195538043976,
    0.045678216964006424,
    0.045491158962249756,
    0.046752676367759705,
    0.046080365777015686,
    0.04391610994935036,
    0.042361337691545486,
    0.04149670898914337,
    0.04217679053544998,
    0.0417863167822361,
    0.04278718680143356,
    0.044433631002902985,
    0.041676610708236694,
    0.04147157073020935,
    0.041815951466560364,
    0.04204249754548073,
    0.041269782930612564,
    0.042343880981206894,
    0.04131579026579857,
    0.041894055902957916,
    0.04208356887102127,
    0.0414692685008049,
    0.04051114618778229,
    0.04116277024149895,
    0.0415266789495945,
    0.04153703153133392,
    0.04095667228102684,
    0.040534608066082,
    0.04031912237405777,
    0.04096509516239166,
    0.04039524495601654,
    0.04033851623535156,
    0.04054993763566017,
    0.04059715196490288,
    0.040187012404203415,
    0.04048333317041397,
    0.040438808500766754,
    0.040338024497032166,
    0.040485478937625885,
    0.040256254374980927,
    0.04032604768872261,
    0.04026556387543678,
    0.04028622806072235,
    0.04042797163128853,
    0.040367234498262405,
    0.040388140827417374,
    0.040220070630311966,
    0.040224265307188034,
    0.04027586802840233,
    0.04026249796152115
  ],