{
  "real_silhouette": 0.17357879877090454,
  "random_mean": 0.018801378256427533,
  "random_std": 0.00024995570994212527,
  "z_score": 619.2193831071679,
  "p_empirical": 0.0
}