{
  "real_silhouette": 0.21234031021595,
  "random_mean": 0.01947532702892668,
  "random_std": 0.000280773431978061,
  "z_score": 686.9061001544239,
  "p_empirical": 0.0
}