{
  "0": {
    "mean_sec": 4.670117647058824,
    "median_sec": 0.4,
    "std_sec": 14.87718114461502,
    "n_episodes": 85
  },
  "1": {
    "mean_sec": 2.7065168539325843,
    "median_sec": 0.4,
    "std_sec": 5.232764345845717,
    "n_episodes": 89
  },
  "2": {
    "mean_sec": 3.3161290322580648,
    "median_sec": 1.28,
    "std_sec": 4.657756401211649,
    "n_episodes": 31
  }
}