{
  "0": {
    "mean_sec": 2.202666666666667,
    "median_sec": 0.96,
    "std_sec": 3.393377378327679,
    "n_episodes": 105
  },
  "1": {
    "mean_sec": 2.7180246913580244,
    "median_sec": 0.8,
    "std_sec": 5.380737114989443,
    "n_episodes": 81
  },
  "2": {
    "mean_sec": 3.8200000000000003,
    "median_sec": 1.4,
    "std_sec": 5.440743727441342,
    "n_episodes": 52
  },
  "3": {
    "mean_sec": 3.3540740740740747,
    "median_sec": 2.0,
    "std_sec": 3.2844360914710267,
    "n_episodes": 27
  }
}